radius,polar_sin_cos_median_s,polar_sin_cos_mean_s,polar_sin_cos_min_s,midpoint_median_s,midpoint_mean_s,midpoint_min_s,speedup_midpoint_vs_polar (median)
5,0.001054401000146754,0.0011026008570687346,0.000936477000323066,2.8649000341829378e-05,3.731271434454746e-05,2.6859000172407832e-05,36.80411140235358
10,0.0024315499995282153,0.0025645934286200956,0.0022228180005186005,4.142399939155439e-05,5.007899991531823e-05,3.788199956034077e-05,58.69906419571754
20,0.004250037999554479,0.004172713285957538,0.002538293000725389,5.1991999498568475e-05,7.265314291414273e-05,4.816599994228454e-05,81.74407679149746
40,0.005706223999368376,0.005581999428483998,0.00492106399997283,9.895699986373074e-05,0.00010714285703475721,9.480199969402747e-05,57.663672173026285
80,0.006424117999813461,0.0067972251429507325,0.006127257000116515,0.00020392099941091146,0.00021613000002876755,0.00019382300069992198,31.502974281076998
160,0.006482638000306906,0.006528908428533343,0.006346749999465828,0.00042497100002947263,0.0004327775715345134,0.0004031629996461561,15.254306764125838
320,0.006699214000036591,0.006717244571388749,0.006422046000807313,0.0009285799997087452,0.0009506305714239716,0.0008156570002029184,7.2144715610263415
